job_name,salary,job_exp,skills,job_degree,city,welfare,company
UI设计师,12-13K,1-3年,"['UI设计', '交互体验设计', '美术设计师', 'PC端', '小程序']",本科,西安,null,讯拓科盛
UI设计师,5-8K,1-3年,"['视觉设计', 'UI设计', '网页设计', 'PhotoShop', '全职']",大专,扬州,"['加班补助', '五险一金', '年终奖', '员工旅游']",江苏茗鹤
ui设计师,11-20K,3-5年,['视觉设计'],大专,深圳,"['年终奖', '五险一金', '生日会']",健创电子
UI设计师,5-8K,1-3年,"['视觉设计', '交互体验设计', '平面设计']",大专,菏泽,['五险一金'],山东海汉网络科技
UI设计师,15-25K・13薪,3-5年,"['UI设计', '交互体验设计', '动效设计']",本科,北京,"['加班餐', '股票期权', '节日福利', '交通补助', '补充医疗保险', '带薪年假', '五险一金', '通讯补贴', '绩效奖金', '打车福利', '零食下午茶']",慧策（掌上先机）
UI设计师,4-5K,1-3年,"['视觉设计', 'PhotoShop', '移动端', '美术设计师', 'UI设计']",大专,西安,null,瀚潮
ui设计师,5-8K,在校/应届,"['交互设计', '原型设计', '视觉设计', '客户端', '移动端']",本科,贵阳,['绩效奖金'],盛德数科
UI设计师,7-10K・13薪,1-3年,"['AE', '视觉设计', '数字孪生', '大屏可视化', '移动端']",本科,武汉,"['团建聚餐', '住房补贴', '股票期权', '节日福利', '加班补助', '通讯补贴', '全勤奖', '绩效奖金', '零食下午茶', '法定节假日三薪', '节假日加班费', '年终奖']",微晶石
UI设计师,4-8K・13薪,1-3年,"['移动端', '视觉设计', 'UI设计']",大专,芜湖,"['带薪年假', '员工旅游', '节日福利', '免费班车', '餐补']",仟山文旅
UI设计师,6-9K,1-3年,"['移动端', 'AI', 'PS', 'AE', '交互体验设计']",大专,广州,"['股票期权', '全勤奖', '节日福利', '年终奖', '餐补', '员工旅游', '零食下午茶', '带薪年假']",广州火树网络科技
UI设计师,4-6K,1-3年,"['UI设计', '交互体验设计', '视觉设计', 'Web端', '设计规范']",本科,青岛,['五险一金'],技术开发、技术服务
UI设计师,10-15K,3-5年,['UI设计'],大专,北京,"['五险一金', '餐补', '住房补贴']",北京智维世纪科技...
UI设计师,6-8K,5-10年,"['视觉设计', 'UI设计', '动效设计', '交互体验设计']",本科,成都,"['五险一金', '带薪年假', '年终奖']",乐君科技
UI设计师,2-3K,经验不限,"['视觉设计', 'Web端', '美工', '美术设计师', '简约风格']",学历不限,海口,"['五险一金', '餐补', '加班补助', '年终奖', '交通补助', '包吃', '股票期权', '节日福利', '住房补贴', '零食下午茶']",汇清贝金
UI设计师,5-7K,1-3年,"['视觉设计', 'UI设计', '交互体验设计', '移动端', 'Web端']",大专,温州,"['五险', '全勤奖', '员工旅游', '股票期权', '零食下午茶']",易允
UI设计师,25-50K・16薪,3-5年,"['UI设计', '留学', '英文工作环境']",本科,北京,"['补充医疗保险', '年终奖', '带薪年假', '五险一金', '节日福利']",快手
UI设计师,7-8K,1年以内,"['UI', '移动交互', '网店设计']",本科,石家庄,"['五险一金', '定期体检', '加班补助', '带薪年假', '年终奖', '员工旅游', '节日福利', '住房补贴', '全勤奖', '通讯补贴', '股票期权', '补充医疗保险', '零食下午茶']",众合电子商务
UI设计师,3-5K,1-3年,"['视觉设计', 'UI设计', '交互体验设计', '网页设计', '平面设计']",大专,天门,null,德云电商
UI设计师,5-7K,1-3年,"['原型设计', '视觉设计', '移动端', '网页端', '三维设计']",本科,泰州,['节日福利'],万视无忧
UI设计师,6-8K・13薪,经验不限,"['移动端', '视觉设计', 'UI设计', '交互体验设计', 'PhotoShop']",大专,济南,"['有无线网', '零食下午茶', '团建聚餐', '年终奖', '节日福利']",济南荣途信息科技...
ui设计师,6-9K,1-3年,"['客户端', '移动端']",学历不限,长春,null,美满婚姻
UI设计师,6-9K,3-5年,"['交互设计', '视觉设计', '客户端', '移动端', '网页端']",本科,武汉,['五险一金'],文华在线教育
UI设计师,6-9K,3-5年,"['移动交互', '网页设计', '用户体验']",本科,厦门,"['五险一金', '零食下午茶']",悦木源品牌管理
UI设计师,6-8K,3-5年,"['PhotoShop', '美工', 'UI设计', '交互体验设计', '平面设计']",大专,贵阳,null,黑石数据
UI设计师,4-9K,1-3年,"['Android', '移动端', 'UI设计', '交互体验设计']",大专,桂林,['五险一金'],恩特拉电子
UI设计师,12-24K・13薪,3-5年,"['视觉设计', '社交平台', '交互设计', '移动端', '交互体验设计']",本科,南昌,"['节日福利', '五险一金']",江西广播电视台
UI设计师,5-7K,经验不限,"['UI设计', '交互体验设计']",学历不限,兰州,"['年终奖', '补充医疗保险']",远瞻信息科技
UI设计师,4-5K,1-3年,"['视觉设计', '移动端', 'PC端', '小程序', 'HTML']",大专,南宁,null,南宁软特
UI设计师,5-10K,经验不限,"['移动端', '设计师', 'UI设计', '交互体验设计', '网页设计']",学历不限,南昌,null,轻妙视觉
UI设计师,5-10K,3-5年,"['网页设计', 'UI', 'App设计']",本科,大连,null,汇众睿创
UI设计师,7-10K,3-5年,"['UI设计', '交互体验设计', '视觉设计', '平面设计', '动效设计']",学历不限,郑州,"['交通补助', '五险一金', '全勤奖', '员工旅游', '带薪年假', '年终奖', '节日福利']",河南信分科技有限公司
UI设计师,2-4K,1-3年,"['UI设计', '交互体验设计', '网页设计', 'AE', '视觉设计']",本科,北京,null,仲软龙云
UI设计师,150-200元/天,2天/周,"['交互体验设计', '视觉设计', '手绘']",3个月,北京,"['股票期权', '定期体检', '带薪年假', '五险一金']",淘不良
UI设计师,11-18K,3-5年,"['视觉设计', '用户体验', '交互设计', '移动端', '直播']",本科,北京,['五险一金'],一塔湖图
UI设计师,6-11K,1-3年,"['视觉设计', '移动端', 'PC端', 'AE', '人工智能']",大专,济南,"['全勤奖', '带薪年假', '员工旅游', '五险一金']",蔚来数据
UI设计师,6-8K,1-3年,"['UI设计', '交互体验设计', '移动端', 'PhotoShop']",大专,武汉,null,湖北金海禾创财务咨询
UI设计师,20-28K・15薪,3-5年,"['手绘', '视觉设计', '小程序', '移动端', 'C4D']",本科,北京,"['定期体检', '通讯补贴', '加班补助', '带薪年假', '年终奖', '节日福利']",同程旅行
UI设计师,8-13K,1-3年,"['视觉设计', '移动端', 'PhotoShop', 'UI设计', '平面设计']",本科,宁波,null,宁波派联信息技术
UI设计师,5-8K,1-3年,"['交互设计', '原型设计', '视觉设计', '客户端', '移动端']",大专,石家庄,null,河北摩拓为数字创...
UI设计师,5-6K,1-3年,"['Web端', '移动端', '视觉设计']",学历不限,衡水,"['五险一金', '节日福利']",赵掌门农业科技
UI设计师,4-8K,经验不限,"['交互设计', '原型设计', '视觉设计', '移动端', '图标设计']",本科,邯郸,"['零食下午茶', '员工旅游', '定期体检', '带薪年假', '年终奖']",芯山
UI设计师,6-8K,1-3年,"['UI设计', '交互体验设计', '视觉设计', '动效设计', 'PhotoShop']",本科,贵阳,null,鼎宸魔方科技
UI设计师,4-5K,1-3年,"['原型设计', '视觉设计', '移动端', '网页端']",本科,荆门,"['通讯补贴', '员工旅游', '免费工装', '宿舍有空调', '底薪加提成', '企业年金', '生日福利', '团建聚餐', '股票期权', '包吃', '带薪年假', '绩效奖金', '有无线网', '五险一金', '免费班车', '包住', '年终奖', '交通补助']",湖北群艺
UI设计师,6-9K,3-5年,"['视觉设计', '手绘', 'UI设计', '交互体验设计', '网页设计']",本科,济南,"['五险一金', '股票期权', '入司周年福利', '高温补贴', '年终奖', '节日福利', '交通补助', '定期体检', '零食下午茶', '餐补', '生日福利']",玲珑轮胎有限公司
UI设计师,8-13K・13薪,5-10年,"['UI设计', '交互体验设计', '视觉设计', '移动端', 'PhotoShop']",本科,武汉,"['节日福利', '带薪年假', '员工旅游', '全勤奖', '零食下午茶']",上海昶戈
UI设计师,20-30K・14薪,5-10年,"['视觉设计', 'UI设计', '动效设计', '交互体验设计', '全职']",本科,北京,"['年终奖', '带薪年假', '加班补助', '定期体检', '交通补助', '餐补', '零食下午茶', '股票期权', '通讯补贴', '包吃', '五险一金', '节日福利']",蜂巢世纪
UI设计师,4-5K,经验不限,"['UI设计', 'PC端', '网页设计', '交互体验设计', '视觉设计']",大专,南充,"['节日福利', '加班补助', '通讯补贴', '包吃', '免费班车', '交通补助', '餐补', '补充医疗保险', '零食下午茶', '全勤奖', '住房补贴', '五险一金', '员工旅游']",出海易
UI设计师,4-6K,1-3年,"['移动端', '小程序', 'UI设计', '交互体验设计', '全职']",大专,淮北,"['带薪年假', '节日福利', '五险一金', '年终奖']",恪宁网络
UI设计师,13-15K・14薪,3-5年,"['移动端', '交互体验设计', 'PhotoShop']",本科,南京,"['零食下午茶', '五险一金', '节日福利']",哈哈云
UI设计师,3-6K,1年以内,"['App设计', '移动交互', '网页交互']",本科,南京,"['年终奖', '零食下午茶', '全勤奖', '五险一金', '餐补', '交通补助', '通讯补贴', '节日福利', '股票期权']",掘客宝
UI设计师,8-13K・13薪,3-5年,"['交互体验设计', '动效设计', '视觉设计', '移动端', 'PC端']",本科,杭州,"['股票期权', '五险一金', '带薪年假', '节日福利', '员工旅游', '零食下午茶']",北洲互娱
UI设计师,4-9K,经验不限,"['交互体验设计', '网页设计', 'UI设计', '视觉设计', '平面设计']",学历不限,日照,"['五险一金', '通讯补贴', '年终奖', '加班补助', '员工旅游', '全勤奖', '节日福利']",一同
UI设计师,6-10K・13薪,1-3年,"['交互体验设计', '视觉设计', '移动端', 'SKetch']",本科,南京,null,南京大希地
UI设计师,5-10K,3-5年,"['UI设计', '移动端', '小程序']",大专,长沙,['定期体检'],一零二健康科技
UI设计师,4-6K,1-3年,"['PC端', '移动端', 'UI设计', '平面设计', 'PhotoShop']",学历不限,淄博,"['年终奖', '带薪年假']",山东新能
UI设计师,4-6K,在校/应届,"['交互体验设计', '网页设计', '视觉设计', '设计师']",本科,长沙,"['五险一金', '带薪年假']",湛盈
UI设计师,10-15K・13薪,1-3年,"['UI设计', '交互体验设计', '视觉设计']",本科,珠海,"['团建聚餐', '全勤奖', '五险一金', '节假日加班费', '加班补助', '通讯补贴', '绩效奖金', '意外险']",芯泰智能
UI设计师,10-15K・13薪,1-3年,"['UI设计', '交互体验设计', '视觉设计', '手绘', '平面设计']",大专,北京,"['五险一金', '员工旅游', '带薪年假', '年终奖']",励步
UI设计师,10-15K,1-3年,['UI设计'],本科,杭州,"['通讯补贴', '带薪年假', '定期体检', '员工旅游', '五险一金', '加班补助', '零食下午茶']",易诚互动
UI设计师,6-8K,1-3年,['UI设计'],本科,长春,null,启明传媒
ui设计师,150-300元/天,5天/周,"['交互设计', '视觉设计', '客户端', '平面设计', '动效设计']",3个月,北京,"['五险一金', '加班补助', '零食下午茶', '定期体检', '餐补', '带薪年假', '年终奖', '交通补助', '住房补贴', '员工旅游']",酷我音乐
UI设计师,4-7K,1-3年,"['UI设计', '视觉设计']",大专,惠州,"['带薪年假', '年终奖', '入职购买五险', '零食下午茶']",惠州登临科技
UI设计师,5-9K,经验不限,"['3D Max', 'AI软件', 'PS']",本科,西安,null,元斯特
UI设计师,6-11K,经验不限,"['PhotoShop', 'AI软件', 'AE', 'UI设计', 'Web端']",学历不限,合肥,null,智星交通
UI设计师,6-8K,经验不限,"['UI', '手绘', '插画']",学历不限,大连,null,奇意创想
UI设计师,5-8K,1-3年,"['视觉设计', '移动端', 'Web端', 'PhotoShop', 'AE']",大专,济宁,"['员工旅游', '节日福利', '交通补助', '定期体检', '加班补助', '通讯补贴']",山东用信
UI设计师,4-5K・13薪,1-3年,"['视觉设计', 'UI设计', '交互体验设计', '网页设计', '移动端']",大专,长沙,"['员工旅游', '加班补助', '节日福利', '年终奖', '全勤奖']",盛年信息
UI设计师,3-5K,1-3年,"['交互设计', '原型设计', '图标设计', '切图和标注', 'AI']",大专,无锡,null,明思睿动
UI设计师,3-6K,1-3年,"['UI', '美工', 'App设计']",本科,重庆,null,随梦科技
UI设计师,7-8K・13薪,1-3年,"['移动端', '小程序', '视觉设计', 'UI设计', '交互体验设计']",本科,合肥,"['带薪年假', '加班补助', '定期体检', '五险一金', '股票期权']",吉雅其
UI设计师,4-7K,经验不限,"['UI设计', '小程序', '美工', '设计师', '美术设计师']",大专,宜昌,null,中科智跃
UI设计师,2-7K,1-3年,"['交互设计', '原型设计', '视觉设计', '客户端', '游戏端']",大专,长春,"['员工旅游', '加班补助', '住房补贴', '零食下午茶']",吉林东盛网络科技
UI设计师,15-30K・15薪,1-3年,"['视觉设计', 'UI设计', '交互体验设计', '网页设计']",本科,北京,"['住房补贴', '股票期权', '员工旅游', '带薪年假', '交通补助', '零食下午茶']",知觉之门
UI设计师,20-30K,3-5年,"['UE4', 'SketchUp', '视觉设计', 'C4D', '动效设计']",高中,深圳,null,天之眼
UI 设计师,3-5K,在校/应届,['UI设计'],学历不限,无锡,null,无锡栖泽科技
UI设计师,8-9K,经验不限,"['交互设计', '客户端', '平面设计']",本科,郑州,null,海洋驾校
UI设计师,3-4K,1-3年,"['小程序', '原画设计', 'UI设计']",高中,南宁,null,至终网络科技有限公司
UI设计师,4-6K,1-3年,"['UI', '手绘']",大专,石家庄,null,天火
UI设计师,6-8K・13薪,3-5年,"['交互体验设计', 'UI设计', 'PC端', '小程序', '网页设计']",大专,天津,null,网博互动
UI设计师,6-11K・13薪,经验不限,"['界面设计', 'PS', '交互设计', '切图和标注', 'Dreamweaver']",本科,合肥,"['五险一金', '年终奖', '带薪年假', '员工旅游', '节日福利']",易容信息
ui设计师,12-18K,3-5年,"['交互设计', '视觉设计', '原型设计', '客户端', '移动端']",大专,珠海,"['包住', '年终奖', '餐补', '节日福利', '通讯补贴', '团建聚餐', '住房补贴', '高温补贴', '免费工装', '零食下午茶', '有无线网', '五险一金', '法定节假日三薪', '绩效奖金', '带薪年假', '交通补助', '补充医疗保险', '宿舍有空调']",珠海光通智装
UI设计师,5-8K,1-3年,"['UI设计', '交互体验设计', '网页设计', '视觉设计']",大专,海口,"['带薪年假', '节日福利', '定期体检']",沪能新能源
UI设计师,4-7K,3-5年,"['UI设计', '移动端', '交互体验设计', '视觉设计', '插画设计']",大专,合肥,"['社保', '包吃', '交通补助', '底薪加提成', '通讯补贴', '股票期权', '带薪年假', '节日福利']",安徽爱学记
UI设计师,15-20K・13薪,3-5年,"['小程序', '视觉设计', '动效设计']",本科,北京,"['五险一金', '通讯补贴', '节日福利', '定期体检']",远舢智能
UI设计师,8-13K・13薪,3-5年,"['Web端', 'PC端', '移动端', 'UI设计', '交互体验设计']",大专,海口,"['全勤奖', '零食下午茶', '员工旅游', '节日福利', '住房补贴', '年终奖', '带薪年假']",博凡科技
UI设计师,6-8K,1-3年,"['移动端', '视觉设计', 'UI设计', '欧美风格']",本科,青岛,['零食下午茶'],米琪
UI设计师,3-5K,经验不限,"['UI', '平面设计', '网页设计']",学历不限,榆林,"['带薪年假', '股票期权', '餐补', '交通补助', '节日福利']",云企网络
UI设计师,1-2K,在校/应届,['UI设计'],学历不限,沈阳,null,百强家政及百强培训
UI设计师,7-12K,3-5年,"['HTML', 'UI设计', '交互体验设计', '平面设计', '美术设计师']",大专,厦门,"['节日福利', '零食下午茶', '带薪年假', '底薪加提成']",艾斯芸防伪
UI设计师,5-10K,1-3年,['UI'],本科,合肥,"['节日福利', '加班补助', '股票期权', '全勤奖', '五险一金', '带薪年假', '补充医疗保险', '年终奖']",安徽晟淮
UI设计师,4-6K,1-3年,"['移动端', '视觉设计', 'PC端', 'PhotoShop', 'Dreamweaver']",大专,南宁,"['加班补助', '其他福利', '员工旅游', '开单奖励', '外出约谈奖励', '零食下午茶', '全勤奖', '带薪年假', '年终奖', '通讯补贴', '交通补助']",广西德方信息科技...
UI设计师,100-120元/天,3天/周,"['交互体验设计', 'Android']",3个月,北京,"['五险一金', '全勤奖', '年终奖', '股票期权']",企嘉
UI设计师,9-12K,1-3年,"['移动端', '视觉设计', 'UI设计']",本科,上海,"['五险一金', '年终奖', '全勤奖', '加班补助', '员工旅游', '节日福利']",简维
UI设计师,4-9K,1-3年,"['网页设计', 'PhotoShop', 'AI', '美工', '美术设计师']",学历不限,临沂,"['定期体检', '全勤奖', '股票期权', '五险一金', '员工旅游', '年终奖', '零食下午茶']",码方科技
UI设计师,8-16K,1年以内,"['平面设计', 'UI', '游戏特效']",大专,北京,null,普驰
UI设计师,8-11K,5-10年,"['视觉设计', '移动端', 'PC端', 'AI', 'UI设计']",本科,北京,['五险一金'],创美达新能源
ui设计师,4-6K,经验不限,"['交互设计', '原型设计', '视觉设计', '网页端', '平面设计']",本科,哈尔滨,"['生日福利', '员工旅游', '节日福利', '团建聚餐', '五险一金', '餐补', '带薪年假', '定期体检']",空时宇航
UI设计师,1-3K,1-3年,"['视觉设计', 'Web端', '移动端', '网页设计', '小程序']",学历不限,哈尔滨,null,东印科技
UI设计师,8-12K・13薪,3-5年,"['App设计', '网页设计', '平面设计']",学历不限,广州,"['定期体检', '年终奖', '节日福利', '员工旅游', '交通补助', '带薪年假']",32号
UI设计师,15-20K,3-5年,"['HTML', '视觉设计', '手绘', 'UI设计', '动效设计']",大专,珠海,"['带薪年假', '五险一金', '节日福利', '员工旅游', '零食下午茶']",mFood
UI设计师,5-8K,1-3年,"['UI设计', 'PhotoShop', 'CorelDRAW', 'AI软件']",高中,福州,"['五险一金', '加班补助', '包吃', '交通补助', '年终奖', '住房补贴']",一九九一建材
UI设计师,8-10K,1-3年,"['交互体验设计', 'UI设计', '视觉设计', '手绘', '网页设计']",本科,贵阳,['带薪年假'],互政通
ui设计师,3-6K,1-3年,"['原型设计', '客户端', '移动端', '网页端', '平面设计']",本科,郑州,['全勤奖'],易酷航空
UI设计师,5-10K,1-3年,"['移动端', 'PC端', 'Web端', 'UI设计', '交互体验设计']",本科,赣州,"['住房补贴', '五险一金']",乐诚
UI设计师,6-10K,3-5年,"['JavaScript', 'HTML', 'CSS', 'UI设计', '网页设计']",本科,嘉兴,"['五险一金', '员工旅游', '年终奖', '股票期权', '带薪年假', '交通补助', '通讯补贴', '定期体检', '餐补', '节日福利', '加班补助', '全勤奖']",康养食品
UI设计师,8-9K・13薪,1-3年,"['移动端', 'PC端', 'Android', '小程序', 'PhotoShop']",大专,常州,"['五险一金', '餐补', '节日福利']",万臻生态科技有限公司
UI设计师,5-10K,1-3年,['UI设计'],本科,福州,null,查克拉网络
ui设计师,6-10K,1-3年,"['视觉设计', '界面设计', 'PS', 'Flash']",大专,惠州,"['五险一金', '全勤奖', '包住', '节日福利', '员工旅游', '年终奖', '包吃']",联创三金
UI设计师,5-6K,1-3年,"['客户端', '网页端', '平面设计', 'AI', 'PS']",学历不限,烟台,['交通补助'],易车联科技
UI设计师,4-6K,3-5年,"['手绘', '移动端', 'PC端', 'PhotoShop']",本科,忻州,"['餐补', '五险一金', '股票期权', '通讯补贴']",山西良匠建设工程...
UI设计师,3-4K,1-3年,"['平面设计', 'UI设计', '网页设计', '交互体验设计', '全职']",本科,眉山,null,易链科技
UI设计师,2-7K,1-3年,"['餐饮', 'UI设计', '交互体验设计', '视觉设计']",本科,贵阳,null,三心华仔餐饮服务店
UI设计师,18-28K・13薪,5-10年,"['移动端', 'UI设计', '交互体验设计', 'AE', 'SKetch']",本科,深圳,"['五险一金', '带薪年假', '定期体检', '年终奖', '股票期权', '免费班车', '零食下午茶']",高驰运动科技股份
UI设计师,7-9K,3-5年,"['JavaScript', 'HTML', 'DataV']",大专,宁波,"['带薪年假', '免费班车', '餐补', '通讯补贴', '五险一金', '股票期权', '节日福利']",云狐时代
UI设计师,6-11K,3-5年,"['手绘', '视觉设计', '移动端', '交互体验设计', 'UI设计']",大专,青岛,"['员工旅游', '五险一金', '全勤奖', '节日福利', '年终奖', '交通补助', '零食下午茶', '带薪年假', '包吃', '通讯补贴']",青岛小二哥科技
UI设计师,5-9K,1-3年,"['视觉设计', '移动端', 'PC端', 'PhotoShop', '交互体验设计']",本科,南阳,['五险一金'],南阳大旗电商
UI设计师,4-8K,在校/应届,"['交互设计', '原型设计', '视觉设计', '客户端', '移动端']",大专,贵阳,"['五险一金', '餐补', '交通补助']",喜马拉雅贵州公司
UI设计师,4-7K,1-3年,"['UI', '网页设计']",大专,青岛,"['股票期权', '员工旅游', '带薪年假', '零食下午茶', '补充医疗保险', '通讯补贴', '年终奖', '五险一金']",投道科技
ui设计师,8-13K・13薪,3-5年,"['视觉设计', '客户端', '网页端', '平面设计', '图标设计']",本科,济南,"['五险一金', '加班补助', '节日福利', '通讯补贴', '带薪年假', '定期体检']",广州瀚信
UI设计师,5-7K・14薪,1-3年,"['视觉设计', '移动端', 'Web端', 'PhotoShop', 'Dreamweaver']",大专,烟台,"['带薪年假', '五险', '双休', '全勤奖']",中弘
UI设计师,6-10K,1-3年,"['网页设计', '平面设计', 'Web端', 'PhotoShop', 'Dreamweaver']",本科,北京,['五险一金'],家福民康
UI设计师,6-8K,1-3年,"['视觉设计', '客户端', '网页端', '移动端', 'AI']",大专,中山,"['员工旅游', '五险一金']",广东聚源创建
UI设计师,4-9K,经验不限,"['交互体验设计', '网页设计', 'PhotoShop', 'AI软件', 'SKetch']",大专,菏泽,['加班补助'],东明县聚成光电工...
UI设计师,11-22K,3-5年,"['PC端', '移动端', '视觉设计', '网页设计', 'UI设计']",本科,东莞,null,韬略
UI设计师,5-10K,经验不限,['UI设计'],学历不限,绥化,['加班补助'],数源科技
UI设计师,5-6K,1年以内,"['PhotoShop', 'AE', '人工智能', 'Android', 'AI']",本科,邢台,null,恒泽华特
UI设计师,5-8K,3-5年,"['交互设计', '原型设计', '视觉设计', '网页端', '手绘']",本科,大连,"['全勤奖', '定期体检', '五险一金', '年终奖', '股票期权']",锦诺科技
UI设计师,4-6K,经验不限,"['UI', '用户体验', '网页交互']",本科,泰州,"['五险一金', '股票期权', '加班补助', '员工旅游']",苏吴
UI设计师,7-11K,1-3年,"['移动交互', '网页交互', '手绘']",本科,北京,null,阿泰艺科
UI设计师,4-6K,1-3年,"['PC端', '移动端', '视觉设计', 'UI设计', '交互体验设计']",大专,合肥,null,旷微
UI设计师,60-70元/天,5天/周,"['视觉设计', '移动端', '小程序', 'Web端', 'AI']",6个月,重庆,"['餐补', '全勤奖', '股票期权', '员工旅游', '零食下午茶', '五险一金', '带薪年假']",迪牛科技
UI设计师,18-25K・13薪,3-5年,"['手游', 'Q版', '欧美风']",大专,北京,"['补充医疗保险', '年终奖', '带薪年假', '餐补', '交通补助', '零食下午茶', '节日福利']",6waves
UI设计师,7-12K,3-5年,"['Android', '移动端', '视觉设计', 'UI设计', '交互体验设计']",本科,苏州,"['带薪年假', '年终奖', '全勤奖']",托特科技
UI设计师,7-12K,1-3年,"['UI设计', '视觉设计', '移动端', 'PhotoShop', 'AE']",本科,武汉,['五险一金'],武汉绘事后素教育...
UI设计师,60-70元/天,5天/周,"['PhotoShop', 'UI设计', '动效设计']",2个月,南昌,null,布尔科技
UI设计师,8-13K・15薪,3-5年,"['交互设计', '三维设计', '动效设计', 'AI', 'AE']",本科,武汉,"['五险一金', '定期体检', '年终奖', '节日福利', '免费班车', '带薪年假', '包吃']",立得空间
UI设计师,12-20K・13薪,1-3年,"['交互设计', '游戏端']",本科,广州,"['零食下午茶', '员工旅游', '绩效奖金', '餐补', '团建聚餐', '节日福利', '年终奖', '带薪年假', '交通补助', '五险一金']",BBGAME
UI设计师,15-20K,1-3年,"['PC端', '移动端', '视觉设计', 'UI设计', '交互体验设计']",本科,北京,"['带薪年假', '股票期权']",青日浮屿
UI设计师,15-30K,3-5年,"['移动端', '视觉设计', 'UI设计', '交互体验设计', 'PhotoShop']",大专,北京,['节日福利'],樱果文化
UI设计师,3-6K,1年以内,"['UI', '网页设计', 'App设计']",本科,北京,null,北京国贝
UI设计师,6-9K,1-3年,"['视觉设计', '移动端', 'PC端', '小程序', 'HTML']",大专,苏州,"['年终奖', '节日福利', '五险一金', '餐补', '交通补助', '股票期权', '住房补贴', '员工旅游', '补充医疗保险', '通讯补贴']",企优托集团
UI设计师,8-12K,1-3年,"['视觉设计', '客户端', '动效设计', '平面设计', '图标设计']",本科,武汉,"['餐补', '股票期权', '带薪年假', '员工旅游', '五险一金', '定期体检', '节日福利']",盒马鲜生
UI设计师,3-8K,1-3年,"['UI设计', '移动端', '小程序', '美工']",大专,石家庄,"['年终奖', '通讯补贴', '加班补助', '五险一金']",让道科技
UI设计师,6-8K・13薪,1-3年,"['移动端', 'PC端', 'CorelDRAW', '计算机软件', '交互体验设计']",大专,上饶,"['零食下午茶', '带薪年假', '团建聚餐', '生日福利', '员工旅游', '五险一金', '定期体检', '节日福利']",云牛科技
UI设计师,6-8K,1-3年,"['App设计', '移动交互', '平面设计']",本科,北京,null,有可能学院
UI设计师,6-8K,1-3年,"['交互体验设计', '移动端', '网页设计', '平面设计', 'PhotoShop']",大专,常州,['五险一金'],好涤电商
UI设计师,7-9K,1年以内,"['视觉设计', 'UI设计', '交互体验设计']",大专,重庆,['五险一金'],辉聪信息
UI设计师,35-45K,3-5年,"['移动端', 'UI设计', '动效设计', '网页设计', '设计师']",本科,广州,"['通讯补贴', '五险一金', '年终奖', '包吃', '餐补', '员工旅游', '补充医疗保险', '定期体检']",广发证券
UI设计师,6-8K,1-3年,"['交互设计', '客户端', '移动端', '网页端', '平面设计']",本科,青岛,"['五险一金', '有无线网', '加班补助', '保底工资']",青岛国科智维科技
UI设计师,6-7K,1年以内,"['视觉设计', '手绘', '移动端', 'Web端', '交互体验设计']",高中,成都,null,快来科技
UI设计师,12-18K・13薪,3-5年,"['视觉设计', '交互体验设计', '云计算', 'web']",本科,南京,"['通讯补贴', '餐补', '带薪年假', '五险一金', '定期体检', '节日福利']",南京苏宁软件
UI设计师,40-65K・14薪,1-3年,"['视觉设计', '设计主管', 'UI设计', '用户体验', '产品设计']",本科,上海,"['五险一金', '加班补助', '年终奖', '定期体检', '股票期权', '通讯补贴']",NIO蔚来
UI设计师,18-30K・14薪,3-5年,"['交互体验设计', '用户研究', '视觉设计']",本科,北京,"['年终奖', '餐补', '五险一金', '零食下午茶', '节日福利', '带薪年假']",北京河图
UI设计师,6-7K,1-3年,"['交互体验设计', '网页设计']",大专,天津,null,天津市津南区文亿...
UI设计师,5-10K,1-3年,['网页设计'],本科,成都,"['全勤奖', '五险一金', '加班补助', '股票期权', '补充医疗保险']",科达飞
UI设计师,1-2K,经验不限,"['交互体验设计', 'UI设计', '动效设计', '视觉设计', '网页设计']",大专,沈阳,"['零食下午茶', '员工旅游', '带薪年假', '年终奖', '交通补助', '节日福利', '五险一金']",沈阳市点燃教育
UI设计师,18-28K・15薪,3-5年,"['游戏界面', 'UI']",大专,上海,"['交通补助', '带薪年假', '包吃', '补充医疗保险', '员工旅游', '五险一金', '节日福利', '住房补贴', '定期体检']",波克城市
UI设计师,3-5K,经验不限,"['UI设计', '交互体验设计', '视觉设计', '移动端', 'PC端']",本科,长春,['定期体检'],有我工程
UI设计师,8-9K,3-5年,"['Dreamweaver', '视觉设计', '手绘', 'UI设计', '交互体验设计']",本科,北京,null,顺晟科技
UI设计师,18-28K,3-5年,"['视觉设计', '交互体验设计', '平面设计']",本科,北京,"['零食下午茶', '年终奖', '交通补助', '加班补助']",华维顿
UI设计师,15-25K,3-5年,['美术设计师'],大专,北京,null,友乐
UI设计师,7-12K,1-3年,"['手绘', 'UI设计']",大专,福州,"['年终奖', '五险一金', '员工旅游', '团建聚餐', '零食下午茶', '节日福利', '定期体检', '股票期权']",点亮网络
UI设计师,13-20K,3-5年,"['美术设计师', 'CAD', 'PhotoShop', 'SKetch', 'UI设计']",本科,北京,"['宿舍有空调', '带薪年假', '五险一金', '股票期权', '员工旅游', '免费班车', '有无线网', '年终奖', '节日福利', '团建聚餐', '底薪加提成', '交通补助', '绩效奖金', '补充医疗保险']",慧科集团
UI设计师,15-20K,5-10年,"['PC端', '移动端', '视觉设计', '动效设计', '交互体验设计']",本科,北京,"['加班补助', '五险一金', '带薪年假', '节日福利', '员工旅游', '股票期权']",摄星智能
UI设计师,5-8K,3-5年,"['视觉设计', '移动端', 'PC端', 'PhotoShop', 'Dreamweaver']",本科,济宁,['股票期权'],川欧
UI设计师,4-9K,1-3年,"['简约风格', 'UI设计', '设计师', '美术设计师', '二次元风格']",大专,长春,"['加班补助', '餐补', '年终奖', '五险一金', '带薪年假', '定期体检', '节日福利', '住房补贴']",星空互娱
UI设计师,20-40K・15薪,5-10年,"['视觉设计', '手绘', '动效设计', 'PhotoShop']",本科,上海,"['定期体检', '股票期权', '员工旅游', '年终奖', '交通补助', '五险一金', '带薪年假']",XTransfer
UI设计师,10-15K・13薪,1-3年,"['视觉设计', 'UI设计', '交互体验设计']",本科,佛山,null,顺谋
UI设计师,16-25K,3-5年,"['PhotoShop', 'UI设计', '网页设计', '游戏UI']",大专,上海,"['定期体检', '全勤奖', '带薪年假', '包吃', '五险一金', '员工旅游', '年终奖', '零食下午茶']",愉游
UI设计师,3-8K,经验不限,"['UI设计', 'PhotoShop', '写实风格', '全职']",学历不限,西安,['带薪年假'],冰川
UI设计师,8-15K,1-3年,"['UI', '美术设计', '游戏界面']",学历不限,北京,null,老鹰来了
UI设计师,6-11K,1-3年,"['交互设计', '原型设计', '视觉设计', '客户端', '游戏端']",大专,郑州,"['定期体检', '带薪年假', '交通补助', '五险一金', '节日福利', '年终奖']",羲和网络
UI设计师,12-18K・13薪,3-5年,"['交互设计', '视觉设计', '网页端', '客户端', '移动端']",本科,北京,"['交通补助', '员工旅游', '餐补', '通讯补贴', '五险一金', '补充医疗保险']",睛像科技
UI设计师,15-25K,3-5年,"['图标绘制', '游戏界面设计', 'PS']",本科,北京,null,竞技世界
UI设计师,8-12K,3-5年,"['UI设计', '视觉设计', 'PC端']",本科,南通,null,谷京科技
UI设计师,12-20K・14薪,3-5年,"['UI设计', '交互体验设计', '视觉设计', '游戏设计']",本科,北京,"['定期体检', '股票期权', '五险一金', '年终奖', '加班补助', '零食下午茶', '交通补助', '节日福利', '带薪年假']",回旋加速
UI设计师,6-10K,1-3年,"['游戏', 'UI设计', '游戏设计']",大专,合肥,"['节日福利', '员工旅游', '包吃', '年终奖', '定期体检']",乐堂控股集团
UI设计师,6-9K・13薪,1-3年,"['交互设计', '视觉设计', '原型设计', '移动端', '界面设计']",本科,西安,"['餐补', '全勤奖', '节日福利', '年终奖', '夜班补助', '免费工装', '工龄奖', '员工旅游', '交通补助']",朗龙体育
UI设计师,15-25K,3-5年,"['手绘', 'UI设计', '交互体验设计', '平面设计', '美术设计师']",本科,深圳,"['员工旅游', '节日福利', '包吃', '带薪年假', '零食下午茶', '年终奖']",巨世科技
UI设计师,3-6K,1-3年,"['UI设计', '游戏设计', 'PhotoShop', 'Spine', '美术设计师']",大专,西安,null,灵动互娱
UI设计师,6-8K,经验不限,"['移动端', 'UI设计', '交互体验设计', '网页设计']",大专,北京,null,宇融破壁
UI设计师,15-16K・13薪,3-5年,"['视觉设计', '移动端', '界面设计', 'Sketch', 'Figma']",本科,南京,"['股票期权', '员工旅游', '年终奖', '带薪年假', '通讯补贴']",金球说
UI设计师,4-7K,1-3年,"['交互体验设计', '视觉设计', 'HTML', 'CSS', 'UI设计']",学历不限,北京,"['五险一金', '全勤奖', '定期体检', '员工旅游', '加班补助', '节日福利', '零食下午茶']",优易捷科技
UI设计师,12-24K,1-3年,"['手绘', '视觉设计']",大专,北京,null,致美芳菲
UI设计师,17-18K,5-10年,"['视觉设计', '学习平台']",学历不限,深圳,"['五险一金', '年终奖', '补充医疗保险', '定期体检', '带薪年假']",建广数科
UI设计师,4-6K,1-3年,['UI设计'],大专,重庆,null,嘿木信息技术
UI设计师,8-13K,3-5年,"['PhotoShop', '美术设计师', '交互体验设计', '网页设计', '平面设计']",大专,厦门,null,鹭虎旅游
UI设计师,4-8K,1-3年,"['交互设计', '原型设计', '视觉设计', '客户端', '网页端']",大专,长春,"['年终奖', '餐补']",垒神
UI设计师,12-22K・15薪,3-5年,['视觉设计'],本科,广州,"['节日福利', '补充医疗保险', '五险一金', '包吃', '年终奖', '带薪年假', '零食下午茶']",库洛
UI设计师,150-180元/天,5天/周,"['交互设计', '视觉设计', '客户端', '界面设计', 'AI']",3个月,宁波,"['带薪年假', '补充医疗保险', '住房补贴', '交通补助', '节日福利', '年终奖', '五险一金', '餐补', '股票期权']",极氪智能科技
UI设计师,20-30K・16薪,3-5年,"['移动端', '网页端', '界面设计']",本科,北京,"['五险一金', '定期体检', '节日福利', '带薪年假', '股票期权']",快手
UI设计师,25-35K・17薪,5-10年,"['手绘', '卡通风格', '欧美风格', '游戏', '动画']",大专,北京,"['定期体检', '年终奖', '节日福利', '零食下午茶', '补充医疗保险', '带薪年假', '包吃', '员工旅游', '五险一金']",Magic Tavern
UI设计师,15-25K・14薪,3-5年,"['视觉设计', 'UI设计', '动效设计', '交互体验设计']",本科,北京,"['定期体检', '交通补助', '餐补', '节日福利', '零食下午茶', '带薪年假', '加班补助', '股票期权', '五险一金', '员工旅游', '大咖分享']",唯一艺术
UI设计师,15-16K,5-10年,"['视觉设计', 'UI设计', '交互体验设计', '游戏', '主美']",学历不限,重庆,"['五险一金', '年终奖', '节日福利', '全勤奖', '员工旅游', '加班补助', '交通补助']",悦逗蛙
UI设计师,15-25K・14薪,3-5年,"['交互设计', '视觉设计', '移动端', '客户端', '动效设计']",本科,上海,"['生日专属红包', '办公设备补贴', '定期体检', '零食下午茶', '节日福利', '餐补', '补充医疗保险', '股票期权', '年终奖', '带薪年假']",上海述信
UI设计师,3-7K,经验不限,"['UI设计', '交互体验设计', '视觉设计', '移动端', 'HTML']",大专,天津,null,山谷视觉科技（天...
UI设计师,4-6K,1-3年,"['交互设计', '原型设计', '视觉设计', '客户端', '移动端']",大专,钦州,null,巧科粒
UI设计师,7-12K,3-5年,"['网页交互', 'UI', 'UE']",大专,石家庄,null,同福集团股份有限公司
UI设计师,3-4K,3-5年,"['视觉设计', 'PhotoShop', 'AI', 'UI设计', '全职']",大专,天津,null,天津思维阶梯
UI设计师,1-3K,经验不限,"['小程序', 'Web端', 'PC端', '移动端']",学历不限,温州,['五险一金'],无道文化
UI设计师,4-9K,经验不限,"['移动端', 'PC端', '小程序', 'HTML', 'UI设计']",学历不限,青岛,null,云方式网络科技
UI设计师,10-12K・13薪,3-5年,"['axure', 'UI设计', '银行/金融']",本科,上海,"['节日福利', '年终奖', '定期体检', '零食下午茶', '餐补', '免费班车', '五险一金', '员工旅游']",中软国际
UI设计师,3-5K,1-3年,"['UI', '网页设计', 'App设计']",学历不限,菏泽,null,天缘电商
UI设计师,4-7K,1-3年,"['视觉设计', 'UI设计', '交互体验设计', 'CorelDRAW']",大专,绵阳,"['全勤奖', '带薪年假', '股票期权', '五险一金', '年终奖']",四川乾知行公司
UI设计师,4-5K,经验不限,"['交互体验设计', '网页设计']",大专,南宁,['带薪年假'],山园科技
UI设计师,7-12K,1-3年,"['Android', 'Web端', 'PhotoShop', '交互体验设计', '网页设计']",大专,西安,"['年终奖', '带薪年假', '生日福利', '五险一金', '零食下午茶', '节日福利', '团建聚餐', '员工旅游']",海之易
UI设计师,8-12K,1年以内,"['美术设计师', '交互体验设计', '网页设计', '平面设计']",大专,济南,"['五险一金', '全勤奖', '员工旅游']",蔚美生物
UI设计师,4-6K,1-3年,"['UI', '交互', '平面设计']",本科,太原,null,山西迈普锡
UI设计师,6-9K・13薪,1-3年,"['交互设计', '原型设计', '视觉设计', '平面设计', '界面设计']",大专,西安,null,云图信息技术
UI设计师,100-150元/天,5天/周,"['视觉设计', '手绘', 'UI设计', '交互体验设计', '网页设计']",3个月,厦门,"['年终奖', '零食下午茶', '节日福利', '五险一金', '股票期权', '加班补助']",胜吴
UI设计师,8-10K,3-5年,"['UI设计', '网页设计', '平面设计', '动效设计']",本科,徐州,"['加班补助', '节日福利', '股票期权', '零食下午茶', '带薪年假']",广联科技
UI设计师,5-10K,1-3年,"['PC端', '移动端', '小程序', '视觉设计', 'UI设计']",学历不限,郑州,"['全勤奖', '加班补助', '节日福利', '五险一金', '年终奖', '员工旅游']",掌宝软件
UI设计师,6-10K・13薪,1-3年,"['UI设计', '视觉设计', 'Android', '平面设计', 'PhotoShop']",本科,舟山,"['餐补', '员工旅游', '生日福利', '带薪年假', '零食下午茶', '通讯补贴', '五险一金']",易航海
UI设计师,6-10K,3-5年,"['UI设计', '交互体验设计', '视觉设计', '移动端', 'Android']",大专,西安,"['餐补', '年终奖', '零食下午茶', '员工旅游', '五险一金', '节日福利', '带薪年假']",万洲嘉智
UI设计师,4-8K,1-3年,"['平面设计', 'C4D', '移动端', '人工智能', 'UI设计']",本科,青岛,['五险一金'],威尔灵境
UI设计师,4-6K,1-3年,"['UI', '平面设计', '电商美工']",学历不限,西安,"['五险一金', '带薪年假', '定期体检', '全勤奖', '零食下午茶']",衣当先
UI设计师,5-10K,3-5年,['UI'],大专,莆田,"['五险', '住房补贴', '餐补', '带薪年假', '全勤奖']",骠骑网络科技
UI设计师,3-6K,经验不限,"['PhotoShop', 'Dreamweaver', 'UI设计', '视觉设计']",学历不限,漳州,null,漳州天臣
UI设计师,3-6K,经验不限,"['UI设计', '网页设计']",本科,贵阳,"['五险一金', '带薪年假', '零食下午茶', '节日福利', '年终奖', '定期体检']",明诚汇采
UI设计师,4-5K,1-3年,"['UI设计', '人工智能', '平面设计', '广告设计', '美工']",大专,南昌,null,江西世誉
UI设计师,5-6K,经验不限,"['UI设计', '交互体验设计', '视觉设计', 'PhotoShop', 'AE软件']",学历不限,菏泽,null,博文恒兴
UI设计师,200-250元/天,5天/周,"['UI设计', '交互体验设计', '原画设计']",5个月,北京,null,学术帮
UI设计师,7-8K,1-3年,"['交互设计', '原型设计', '视觉设计', '游戏端', '网页端']",大专,漳州,null,漳州创晟贸易有限公司
UI设计师,10-15K・15薪,1-3年,"['游戏端', '界面设计', '图标设计', '平面设计', '三维设计']",大专,广州,"['交通补助', '五险一金', '带薪年假', '零食下午茶', '加班补助', '节日福利', '全勤奖', '包吃', '年终奖', '补充医疗保险']",天暄游戏
UI设计师,8-10K,3-5年,"['视觉设计', '移动端', 'Android', 'AE', 'Dreamweaver']",本科,北京,null,青苹果数据中心
UI设计师,5-10K,1-3年,"['交互设计', '移动端', '平面设计', '界面设计', 'Axure']",大专,福州,null,捷业网络
UI设计师,12-18K,3-5年,"['原型设计', '平面设计']",大专,珠海,"['节日福利', '带薪年假', '双休']",天阳科技
UI设计师,35-50K,经验不限,['游戏'],学历不限,北京,"['带薪年假', '员工旅游', '年终奖', '五险一金', '交通补助', '健身房', '住房补贴', '零食下午茶', '节日福利', '餐补', '补充医疗保险', '成长基金']",琥珀创想
UI设计师,18-35K・15薪,5-10年,"['界面设计', '休闲游戏', '欧美卡通']",学历不限,北京,"['交通补助', '年终奖', '股票期权', '餐补', '员工旅游', '加班补助', '带薪年假', '节日福利', '零食下午茶']",英飞互娱
UI设计师,25-35K・13薪,5-10年,"['交互设计', '游戏端', '平面设计', '切图和标注', '图标设计']",大专,北京,"['补充医疗保险', '年终奖', '节日福利', '隐形福利', '定期体检', '零食下午茶', '员工旅游', '股票期权', '带薪年假']",疯狂游戏
UI设计师,4-6K,经验不限,"['网页设计', '平面设计', 'UI设计', '交互体验设计']",学历不限,烟台,"['五险一金', '加班补助', '带薪年假']",蜂图网络
UI设计师,18-28K・15薪,3-5年,"['交互经验', '手游', '欧美风', 'Q版', '国风']",学历不限,上海,"['带薪年假', '节日福利', '股票期权', '餐补', '年终奖', '交通补助']",假面科技
UI设计师,7-12K,经验不限,"['卡牌/战棋', '横版', '手机游戏', '平面设计', '动效设计']",本科,上海,"['节日福利', '带薪年假', '全勤奖', '零食下午茶', '加班补助', '五险一金', '股票期权', '员工旅游']",沁游互动
UI设计师,6-10K,1-3年,"['游戏界面设计', 'UI设计', '游戏设计', '原画设计', '手绘']",学历不限,济宁,"['年终奖', '五险一金', '餐补', '带薪年假', '节日福利', '定期体检', '全勤奖', '交通补助']",米图动漫
UI设计师,10-15K,3-5年,"['视觉设计', '交互设计', '网页端', '客户端', '移动端']",本科,长沙,['购买五险'],Likone灵控智能
UI设计师,14-24K・14薪,3-5年,"['手游', 'Q版', '卡通风']",大专,北京,"['五险一金', '定期体检', '带薪年假', '零食下午茶', '年终奖']",终极天橙
UI设计师,8-13K・13薪,1-3年,"['VR', 'UI']",本科,成都,['补充医疗保险'],米蜡科技
UI设计师,15-30K,3-5年,"['RPG游戏', '手机游戏', 'Q版', '扁平']",本科,北京,"['补充医疗保险', '餐补', '五险一金', '零食下午茶', '定期体检', '带薪年假', '节日福利']",OASISGAMES
UI设计师,12-20K,3-5年,"['交互经验', '海外项目经验']",大专,广州,"['加班补助', '年终奖', '零食下午茶', '员工旅游', '交通补助', '带薪年假', '五险一金']",指观网络
UI设计师,11-16K・13薪,3-5年,"['手游', 'RPG游戏', '多风格擅长']",大专,北京,"['生日福利', '年终奖', '有无线网', '五险一金']",北京观又见网络科技
UI设计师,6-11K・13薪,1-3年,"['UI', '动画', '视觉', '视觉设计', '动效设计']",本科,惠州,"['节日福利', '年终奖', '员工旅游', '带薪年假', '股票期权', '通讯补贴', '五险一金', '零食下午茶']",怿星电子
UI设计师,7-12K,1年以内,['游戏UI'],大专,广州,"['节日福利', '带薪年假', '餐补', '全勤奖', '住房补贴', '交通补助']",古藤
UI设计师,8-13K,1-3年,"['卡牌/战棋', '手机游戏', '界面设计', '图标设计', '切图和标注']",大专,成都,['五险一金'],盈富科技
UI设计师,17-25K・13薪,3-5年,"['Q版', '欧美现代', 'AE', 'U3D', '模拟经营']",学历不限,福州,"['股票期权', '年终奖', '补充医疗保险', '餐补', '医务室', '零食下午茶', '节日福利', '员工旅游', '定期体检', '五险一金']",IGG
UI设计师,20-40K,经验不限,"['二次元', '第三人称', 'AE', '3ds MAX', 'Maya']",学历不限,北京,"['节日福利', '全勤奖', '定期体检', '股票期权', '五险一金', '包吃', '带薪年假', '通讯补贴', '交通补助', '年终奖', '餐补', '零食下午茶']",bilibili
UI设计师,4-8K,经验不限,"['UI设计', 'Icon设计', 'Q版']",学历不限,厦门,null,创云科技
UI设计师,11-16K・13薪,1-3年,"['休闲益智', '手机游戏']",大专,深圳,"['餐补', '员工旅游', '零食下午茶', '文娱活动', '生日福利', '带薪年假', '五险一金', '加班补助']",全民互动 互联网
UI设计师,20-40K・14薪,3-5年,"['二次元', '手游', '日式IP', '动漫', 'GUI']",学历不限,上海,"['免费健身房', '交通补助', '年终奖', '节日福利', '五险一金', '员工旅游', '定期体检', '带薪年假']",完美世界
UI设计师,8-12K・13薪,1-3年,"['手游', '游戏UI', '界面设计', 'PS', '第一人称']",本科,成都,"['定期体检', '年终奖', '餐补', '员工旅游', '零食下午茶', '团建', '五险一金', '带薪年假', '节日福利']",洪荒科技
UI设计师,5-10K,1-3年,"['UI设计', '图标', '游戏美术']",学历不限,长沙,"['五险一金', '零食下午茶', '团建聚餐', '节日福利', '员工旅游', '年终奖', '生日福利', '带薪年假', '绩效奖金']",探鹤网络
UI设计师,5-8K,1-3年,"['多风格擅长', '欧美风', '页游', '手游']",大专,常州,"['零食下午茶', '节日福利', '带薪年假', '13薪']",乐极特
UI设计师,10-15K・13薪,3-5年,['游戏UI'],学历不限,厦门,"['零食下午茶', '定期体检', '全勤奖', '加班补助', '带薪年假', '餐补', '五险一金', '年终奖', '员工旅游']",不妨游戏
UI设计师,9-14K・13薪,1-3年,['场景原画'],学历不限,上海,"['员工旅游', '节日福利', '股票期权', '定期体检', '五险一金', '全勤奖', '年终奖']",图游游戏
UI设计师,8-13K,1-3年,"['手游', '独立游戏', 'UI设计师']",大专,广州,"['年终奖', '节日福利', '零食下午茶', '加班补助', '带薪年假', '包吃', '定期体检', '五险一金']",烁日游戏
UI设计师,30-55K・13薪,3-5年,"['游戏动画经验', '海外项目经验', '手游', '欧美风', '写实']",学历不限,北京,"['提供宿舍', '年终奖', '包吃', '股票期权', '住房补贴', '零食下午茶', '五险一金', '节日福利']",红海科技
UI设计师,6-10K,1-3年,"['PhotoShop', 'Spine', '游戏', '交互体验设计']",本科,成都,null,火凤电艺
UI设计师,6-11K,1年以内,"['UI设计', 'UX设计', '交互']",本科,中山,"['节日福利', '加班补助', '带薪年假', '餐补', '通讯补贴', '年终奖', '定期体检', '交通补助', '工会福利', '五险一金', '季度活动', '佳节礼金与活', '假期']",万先丰
UI设计师,10-15K,3-5年,"['游戏界面设计', '游戏', '交互体验设计', '游戏主美', '游戏设计']",大专,青岛,"['五险一金', '定期体检', '员工旅游', '带薪年假', '节日福利', '零食下午茶']",爱维互动
UI设计师,6-9K・13薪,3-5年,"['UI设计', 'PhotoShop', 'Premiere', 'AE', 'CorelDRAW']",本科,福州,"['餐补', '住房补贴', '五险一金', '交通补助', '节日福利', '生日福利', '加班补助', '年终奖', '带薪年假', '加班工资']",沃秀信息技术
UI设计师,2-7K,经验不限,"['手绘', 'PhotoShop', '游戏', '设计师']",大专,长春,"['股票期权', '员工旅游', '年终奖', '带薪年假', '工龄奖', '餐补', '五险一金', '加班补助', '宠物福利', '节日福利', '定期体检', '全勤奖', '生日福利']",玩心游戏
UI设计师,3-6K,1-3年,"['原画', '插画', '手绘']",学历不限,无锡,"['五险一金', '带薪年假', '年终奖', '零食下午茶']",无锡淳风游戏
UI设计师,4-9K,1-3年,"['视觉设计', 'CorelDRAW', 'Web端', 'HTML', '美工']",大专,玉溪,"['交通补助', '全勤奖', '带薪年假', '年终奖', '节日福利']",永兴元
UI设计师,5-10K,1-3年,"['前端开发', 'CSS', 'HTML', 'Webpack']",本科,惠州,"['员工旅游', '五险一金', '股票期权', '加班补助', '餐补']",中南新智造
UI设计师,3-5K,经验不限,"['平面设计', 'UI', '美工']",大专,常州,"['五险一金', '员工旅游', '通讯补贴', '节日福利', '零食下午茶', '每天不加班']",常州珍云
UI设计师,8-12K,1-3年,"['UI', '美工', '游戏界面设计', 'PhotoShop', '手绘']",大专,武汉,null,草叶子游戏
UI设计师,10-15K,3-5年,"['全职工作', '线上教学', '职业培训班', '日常教学', '就业指导']",本科,郑州,"['五险一金', '带薪年假', '员工旅游', '股票期权', '包住']",学考双智
UI设计师,3-8K・13薪,经验不限,"['UI', '美工', '手绘', 'PhotoShop']",学历不限,福州,null,通华信息
UI设计师,15-30K,3-5年,"['端游', '手游', '写实', '国风', 'Q版']",大专,厦门,"['五险一金', '零食下午茶', '不定期项目奖']",大道同行
UI设计师,18-30K,3-5年,"['视觉设计', '手绘', '区块链']",本科,北京,"['五险一金', '加班补助', '餐补', '股票期权', '定期体检', '带薪年假', '补充医疗保险', '交通补助', '零食下午茶']",八分量
UI设计师,15-30K,3-5年,"['手绘经验', '交互经验', '手游', '欧美风', '写实']",大专,南京,"['全勤奖', '带薪年假', '加班补助', '五险一金', '补充医疗保险', '员工旅游', '节日福利', '年终奖']",胡莱游戏
UI设计师,10-11K,1-3年,"['动效设计', 'UI设计', '视觉设计', 'AE', 'PhotoShop']",本科,洛阳,['全勤奖'],圣城文化传播
UI设计师,30-60K・18薪,5-10年,"['手绘', 'UI设计', '交互体验设计', '网页设计', '游戏UI']",大专,北京,"['五险一金', '零食下午茶', '股票期权', '定期体检', '带薪年假', '补充医疗保险']",garena
UI设计师,5-6K,1-3年,"['交互设计', '视觉设计', '客户端', '移动端', '网页端']",大专,太原,null,众环文化
UI设计师,10-15K,1-3年,['交互设计'],本科,张家口,"['意外险', '交通补助', '零食下午茶', '补充医疗保险', '定期体检', '节假日加班费', '五险一金', '团建聚餐', '带薪年假', '生日福利', '绩效奖金', '住房补贴', '有无线网', '股票期权', '加班补助', '夜班补助', '节日福利', '餐补']",北京字节跳动
UI设计师,25-50K,经验不限,"['游戏端', '界面设计', '写实风格', 'GUI', '游戏UI']",学历不限,北京,"['节日福利', '年终奖', '包吃', '交通补助', '零食下午茶', '定期体检', '补充医疗保险', '员工旅游']",龙创悦动
UI设计师,5-6K,1-3年,"['视觉设计', '小程序', '移动端', '美术设计师', '美工']",本科,惠州,['五险一金'],招财猫汽车租赁
UI设计师,10-15K・13薪,1-3年,"['切图和标注', '界面设计', '重构']",大专,深圳,"['五险一金', '全勤奖', '节日福利', '补充医疗保险', '带薪年假']",固有色
UI设计师,10-15K,1-3年,"['平面设计', '美术指导', 'InDesign', 'CorelDRAW']",大专,北京,"['带薪年假', '年终奖', '节日福利', '零食下午茶']",卓利合文化传媒有...
UI设计师,10-15K,3-5年,"['平面设计', 'UI', '广告设计']",本科,北京,"['餐补', '节日福利', '带薪年假', '五险一金', '定期体检', '员工旅游']",盈创回收
UI设计师,10-15K・14薪,在校/应届,['游戏界面设计'],本科,上海,"['五险一金', '餐补', '全勤奖', '带薪年假', '零食下午茶', '补充医疗保险', '员工旅游', '年终奖']",游族网络
UI设计师,7-12K,1-3年,"['休闲益智', '手机游戏', 'Q版']",大专,武汉,"['生日福利', '股票期权', '交通补助', '全勤奖']",HippoJoy
UI设计师,30-50K,5-10年,"['游戏界面设计', '游戏UI设计', '游戏主UI', 'PhotoShop', 'Fireworks']",本科,北京,"['全勤奖', '餐补', '节日福利', '员工旅游']",极客创游
UI设计师,25-40K・14薪,5-10年,"['设计经理', '设计主管', 'UI设计', 'SKetch', 'PhotoShop']",本科,深圳,"['五险一金', '交通补助', '带薪年假', '免费班车', '通讯补贴', '加班补助', '补充医疗保险']",跨越速运集团有限公司
UI设计师,9-10K,1年以内,"['线上授课', 'C语言', 'Swift', 'Shell', 'Kotlin']",本科,南昌,"['五险', '节日福利']",江西云都网络
UI设计师,45-75K・14薪,经验不限,"['ui', '游戏', '手绘', '手游', 'Q版']",大专,北京,"['年终奖', '工作居住证', '餐补', '带薪年假', '五险一金', '季度奖金', '股票期权', '零食下午茶', '节日福利']",畅聊天下
UI设计师,15-25K・13薪,3-5年,"['Q版', '写实', '欧美风']",学历不限,成都,"['五险一金', '定期体检', '加班补助', '带薪年假', '餐补', '节日福利', '通讯补贴', '交通补助', '年终奖', '零食下午茶']",光宇游戏
UI设计师,12-18K,1-3年,"['交互体验设计', '游戏', '原画设计', '游戏界面设计', '中国风格']",大专,上海,"['交通补助', '五险一金', '节日福利']",乐玖网络
UI设计师,10-15K・13薪,1-3年,"['游戏动画经验', '游戏原画经验', '交互经验']",大专,上海,null,连鸣
UI设计师,15-30K,3-5年,['交互体验设计'],本科,上海,null,榆钱人才
UI设计师,10-15K,经验不限,"['QT', 'c/c++', 'qml', 'js']",本科,郑州,"['免费班车', '五险一金', '补充医疗保险', '加班补助', '免费住宿', '股票期权', '带薪年假', '定期体检', '通讯补贴', '年终奖']",光力科技
UI设计师,12-24K,3-5年,"['游戏', '界面特效', '视觉特效']",大专,杭州,"['五险一金', '员工旅游', '年终奖', '带薪年假', '股票期权', '全勤奖', '零食下午茶']",之幻网络
UI设计师,11-22K,3-5年,"['培训师', 'UI设计', '交互体验设计']",大专,西安,"['交通补助', '员工旅游', '节日福利', '补充医疗保险', '五险一金', '股票期权', '带薪年假', '通讯补贴', '定期体检']",中公教育集团
UI设计师,100-180元/天,5天/周,"['卡牌/战棋', '手机游戏', '界面设计']",6个月,广州,null,电趣网络
UI设计师,15-30K・14薪,5-10年,"['RPG游戏', '手机游戏', '二次元']",学历不限,上海,"['年终奖', '补充医疗保险', '员工旅游', '五险一金', '节日福利', '零食下午茶']",勇仕
UI设计师,10-15K,3-5年,"['QT', 'WPF', 'Python', '软件工程师', 'OpenCV']",本科,珠海,"['员工福利', '餐补', '五险一金', '带薪年假', '包吃', '全勤奖', '员工旅游', '定期体检', '年终奖']",运泰利自动化
UI设计师,5-10K,在校/应届,"['UE4', 'C/C++', '计算机/软件工程相关专业', '美术/动画基础', 'UE4开发经验']",本科,成都,['带薪年假'],秘灵互动
UI设计师,20-40K,经验不限,"['写实', '欧美风', '卡通风']",学历不限,上海,"['餐补', '私人定制导师', '定期体检', '年终奖', '交通补助', '丰富趣味活动', '超大晋升空间', '带薪年假', '零食下午茶', '五险一金', '全勤奖', '大佬零距离']",友塔游戏
UI设计师,15-30K・13薪,3-5年,"['游戏', '交互体验设计', '卡通风格', '欧美风格', '中国风格']",大专,杭州,"['定期体检', '带薪年假', '免费班车', '丰富俱乐部', '异地入职住宿', '年终奖', '加班补助', '项目分红', '六险一金', '固定13薪', '节日福利', '超优惠人才房']",极致游戏
